https://www.youtube.com/channel/UC_J1ss7EHjh4T5YStWNvTJw/videos all C_est_ca_l_histoire C_est_ca_l_histoire
https://www.youtube.com/user/datagueule/videos all Data_Gueule Data_Gueule
https://www.youtube.com/user/ScienceEtonnante/videos all Science_Etonnante Science_Etonnante
https://www.youtube.com/channel/UC7sXGI8p8PvKosLWagkK9wQ/videos all Heureka Heureka
https://www.youtube.com/user/histoirebreve/videos all Histoire_Breve Histoire_Breve
https://www.youtube.com/user/notabenemovies/videos all Nota_Bene Nota_Bene
https://www.youtube.com/user/Palmashow/videos all Palmashow Palmashow
https://www.youtube.com/user/MrUsul2000/videos all Usul Usul
https://www.youtube.com/channel/UCWty1tzwZW_ZNSp5GVGteaA/videos all La_Statistique_expliquee_a_mon_chat La_Statistique_expliquee_a_mon_chat
https://www.youtube.com/user/fauxsceptique/videos all Hygiene_Mentale Hygiene_Mentale
https://www.youtube.com/user/dirtybiology/videos all DirtyBiology DirtyBiology
https://www.youtube.com/playlist?list=PL43OynbWaTMJf3TBZJ5A414D5f7UQ8kwL part Pierre_Emmanuel_Barre Pierre_Emmanuel_Barre
https://www.youtube.com/playlist?list=PLJ6RDhT0IVEC7wVsUdj6p5jlpV1IM5AFf part Cyrus_North Cyrus_North_Le_Coup_de_Phil
https://www.youtube.com/playlist?list=PLJ6RDhT0IVEDJdKDDJQXliA0xPopgp_TR part Cyrus_North Cyrus_North_Cyrusly
https://www.youtube.com/channel/UC9BnGZLT4iPaJtDOXYwQuHQ/videos all Primum_Non_Nocere Primum_Non_Nocere
https://www.youtube.com/user/epenser2/videos all e-penser e-penser-par-ailleurs
https://www.youtube.com/user/epenser1/videos all e-penser e-penser
https://www.youtube.com/user/everyframeapainting/videos all EveryFrameAPainting EveryFrameAPainting
https://www.youtube.com/channel/UCjd32KVfRCli1d9iqo4YZ5A/videos all MashaEtMichka MashaEtMichka
https://www.youtube.com/playlist?list=PLGSaf5hn5IaYcXomp0BVM_G33pbxNjxSO part Usul LAirDeLaCampagne
https://www.youtube.com/channel/UCzj9-ZfpJ74vYv1RZzAWTVg/videos all Confessions_D_Histoire Confessions_D_Histoire
https://www.youtube.com/playlist?list=PL43OynbWaTMLEbdAWr-DnAfveOonmhlT1 part Guillaume_Meurice Guillaume_Meurice